CREATE TABLE STUDENT (
	STUDNO NUMBER(10) PRIMARY KEY,
	NAME VARCHAR2(100) NOT NULL,
	GRADE CHAR(1),
	BIRTHDATE DATE
);

INSERT INTO STUDENT VALUES (20190001, '김형곤', '1', '2000-05-11');
INSERT INTO STUDENT VALUES (20190002, '손진곤', '1', '2000-12-21');
INSERT INTO STUDENT VALUES (20190003, '김기윤', '1', '2000-03-05');
INSERT INTO STUDENT VALUES (20190004, '조유리', '1', '2000-08-19');
INSERT INTO STUDENT VALUES (20180001, '이관용', '2', '2000-01-17');
INSERT INTO STUDENT VALUES (20170001, '성하나', '2', '1999-02-13');
INSERT INTO STUDENT VALUES (20170002, '고경희', '3', '1998-03-30');
INSERT INTO STUDENT VALUES (20150003, '김희진', '4', '1995-05-15');

SELECT * FROM STUDENT;

CREATE TABLE SUBJECT (
	SUBNO NUMBER(10) PRIMARY KEY,
	SUBNAME VARCHAR2(100) NOT NULL,
	SCORE CHAR(1),
	REGDATE DATE
);

INSERT INTO SUBJECT VALUES (1001, '운영체제', '2', '2019-10-27');
INSERT INTO SUBJECT VALUES (1002, '컴파일러 구성', '3', '2019-10-27');
INSERT INTO SUBJECT VALUES (1003, '디지털논리회로', '3', '2019-10-27');
INSERT INTO SUBJECT VALUES (1004, '알고리즘', '3', '2019-10-27');
INSERT INTO SUBJECT VALUES (2001, '자료구조', '3', '2019-10-27');
INSERT INTO SUBJECT VALUES (2002, '자바프로그래밍', '3', '2019-10-27');
INSERT INTO SUBJECT VALUES (2003, 'HTML', '2', '2019-10-27');
INSERT INTO SUBJECT VALUES (3001, 'JSP프로그래밍', '3', '2019-10-27');
INSERT INTO SUBJECT VALUES (3002, '데이터베이스', '3', '2019-10-27');
INSERT INTO SUBJECT VALUES (3003, 'UNIX시스템프로그래밍', '2', '2019-10-27');

SELECT * FROM SUBJECT;

DROP TABLE COURSE;
CREATE TABLE COURSE (
	SUBNO NUMBER(10),
	STUDNO NUMBER(10),
	YEAR CHAR(4),
	PERIOD CHAR(1),
	PRIMARY KEY(SUBNO, STUDNO),
	FOREIGN KEY (SUBNO) REFERENCES SUBJECT(SUBNO),
	FOREIGN KEY (STUDNO) REFERENCES STUDENT(STUDNO)
);

INSERT INTO COURSE VALUES (1001, 20150003, '2015', '1');
INSERT INTO COURSE VALUES (1002, 20150003, '2015', '1');
INSERT INTO COURSE VALUES (1003, 20150003, '2015', '2');
INSERT INTO COURSE VALUES (1004, 20150003, '2015', '2');
INSERT INTO COURSE VALUES (2001, 20150003, '2016', '1');
INSERT INTO COURSE VALUES (2002, 20150003, '2016', '1');
INSERT INTO COURSE VALUES (2003, 20150003, '2016', '2');
INSERT INTO COURSE VALUES (1001, 20170001, '2016', '1');
INSERT INTO COURSE VALUES (1002, 20170001, '2016', '1');
INSERT INTO COURSE VALUES (1003, 20170001, '2016', '2');
INSERT INTO COURSE VALUES (1004, 20170001, '2016', '2');
INSERT INTO COURSE VALUES (1001, 20170002, '2016', '1');
INSERT INTO COURSE VALUES (1002, 20170002, '2016', '1');
INSERT INTO COURSE VALUES (1001, 20190001, '2019', '1');
INSERT INTO COURSE VALUES (1002, 20190001, '2019', '1');
INSERT INTO COURSE VALUES (1003, 20190001, '2019', '2');
INSERT INTO COURSE VALUES (1004, 20190001, '2019', '2');
INSERT INTO COURSE VALUES (1001, 20190002, '2019', '1');
INSERT INTO COURSE VALUES (1002, 20190002, '2019', '1');
INSERT INTO COURSE VALUES (1003, 20190002, '2019', '2');
INSERT INTO COURSE VALUES (1004, 20190002, '2019', '2');
INSERT INTO COURSE VALUES (1001, 20190004, '2019', '1');
INSERT INTO COURSE VALUES (1002, 20190004, '2019', '1');